{"cluster_weights": {"rock": 0.07928091142294423, "rap": 0.18886423944396508, "pop": 0.0901335671169028, "pop rock": 0.05422522284485568, "funk": 0.10364092071860731, "jazz": 0.005342192186695131, "focus": 0.004827854329497025, "metal": 0.029999038440663428, "folk": 0.023252987799029016, "techno": 0.019865203172150982, "classical": 0}, "sorted_genres_per_cluster": {"rock": [["rock", 0.004671676964968901], ["alternative rock", 0.003917385871820871], ["indie rock", 0.003724443718493059], ["indie pop", 0.0027009769955032327], ["art rock", 0.0026002455645387093], ["art pop", 0.0024932088060677093], ["classic rock", 0.002396769615017587], ["mellow gold", 0.0021011768761934144], ["album rock", 0.0019985670000517157], ["psychedelic rock", 0.0019213998183968222], ["experimental rock", 0.0018038441468716624], ["lo-fi", 0.001678388303350503], ["chamber pop", 0.0016363329339594522], ["melancholia", 0.0014127215310461504], ["soft rock", 0.001403943161787542], ["zolo", 0.0012741535724280547], ["experimental", 0.0012679549048828774], ["lo-fi indie", 0.001217993831738937], ["small room", 0.0011759154389416548], ["protopunk", 0.001165275737294773], ["no wave", 0.0011337825000483925], ["slowcore", 0.0009872429093534434], ["experimental pop", 0.000976828207232105], ["british invasion", 0.0009706719616461071], ["stomp and holler", 0.0009224487558382936], ["glam rock", 0.0008846717303983836], ["symphonic rock", 0.0008742573021617605], ["progressive rock", 0.0008742266827723583], ["classic garage rock", 0.0008741599287515026], ["neo-psychedelic", 0.0008574504362266276], ["art punk", 0.000857341766408039], ["bedroom pop", 0.0008513612188757983], ["power pop", 0.000809187312343574], ["math rock", 0.0008091678885198516], ["mandible", 0.0008090135061837618], ["lo-fi emo", 0.0007548603716298764], ["freakbeat", 0.0007443964900806027], ["beatlesque", 0.0007381995386464269], ["hardvapour", 0.0007277757110827744], ["eau claire indie", 0.0007171796367770966], ["dutch indie", 0.0007170809870298319], ["canadian pop", 0.0006836599533972254], ["louisville underground", 0.0006794300231793928], ["chicago indie", 0.0006793810360484193], ["norwegian indie", 0.0006523369327031292], ["baltimore indie", 0.0006522515843584059], ["western mass indie", 0.0006522250045236049], ["vancouver indie", 0.0006521708391329969], ["elephant 6", 0.0006250903084717727], ["canadian indie", 0.0006145086660308044], ["ambient pop", 0.0006144099736945859], ["bristol indie", 0.0005978624318281969], ["collage pop", 0.0005874279342593523], ["edmonton indie", 0.0005873711529188746], ["olympia wa indie", 0.000587368478011696], ["acid rock", 0.0005497181334298631], ["minneapolis indie", 0.0005496298267254258], ["modern folk rock", 0.0005496099259228934], ["punk blues", 0.0005492975000875899], ["viral pop", 0.0005329539942871293], ["indie psych-pop", 0.0005224719408047238], ["dutch rock", 0.0005224446772451288], ["classic uk pop", 0.00048483478439473554], ["asheville indie", 0.0004847906429566595], ["shimmer psych", 0.00048474599986959453], ["modern blues rock", 0.0004846394379824277], ["austindie", 0.0004846277792982319], ["san marcos tx indie", 0.00045750046528356483], ["toronto indie", 0.0004574070049987344], ["icelandic singer-songwriter", 0.00041994614031747783], ["folktronica", 0.0004199108351109162], ["canadian indie folk", 0.00041988401971817797], ["folk-pop", 0.00041985272229270077], ["icelandic pop", 0.00041985062234316446], ["acoustic rock", 0.000392650652058234], ["japanese psychedelic", 0.0003549703638981346]], "rap": [["rap", 0.027696915527942113], ["hip hop", 0.019599413231294455], ["vapor trap", 0.014525900314542208], ["trap", 0.010688784467408162], ["dark trap", 0.009147908454904903], ["plugg", 0.008039504762408793], ["melodic rap", 0.005303043265259665], ["southern hip hop", 0.004567090493619454], ["atl hip hop", 0.004539870944342969], ["east coast hip hop", 0.0038717889755047067], ["pop rap", 0.003827769264499925], ["new orleans rap", 0.0037462861774626727], ["miami hip hop", 0.0031639551528101825], ["gangster rap", 0.00314014477275242], ["chicago rap", 0.003067502689769885], ["aesthetic rap", 0.0020415232529616737], ["dirty south rap", 0.002040354454883042], ["toronto rap", 0.0019317634953236165], ["memphis hip hop", 0.0016931573648224373], ["dfw rap", 0.0016239450139562755], ["crunk", 0.0014685594487388188], ["canadian trap", 0.0014669909173260544], ["alabama rap", 0.0014415913919883303], ["drill", 0.0014230775767760456], ["baltimore hip hop", 0.0013389099445302668], ["tennessee hip hop", 0.0012950560783183997], ["west coast rap", 0.001288832345753917], ["hip pop", 0.0012843791624991827], ["deep underground hip hop", 0.0012740392575825835], ["houston rap", 0.001267816232294131], ["dmv rap", 0.001257401241762173], ["detroit trap", 0.001240675820202613], ["urban contemporary", 0.0011819303366804217], ["cali rap", 0.001159088328149659], ["indiana hip hop", 0.0011170206309790483], ["indie soul", 0.0010837225283313297], ["atl trap", 0.0010731295315293873], ["old school atlanta hip hop", 0.00106868667071502], ["scam rap", 0.0010626564871100978], ["uk bass", 0.0010416155999830585], ["chicago drill", 0.0010354490589239264], ["golden age hip hop", 0.001025013133122969], ["texas latin rap", 0.0010038697013239183], ["chicago bop", 0.0009914589696236216], ["ottawa rap", 0.0009811418605856102], ["san antonio rap", 0.0009767749147981805], ["ohio hip hop", 0.0009433232925123981], ["deep east coast hip hop", 0.0009118380186638133], ["sad rap", 0.0009056951078091711], ["chicano rap", 0.0008740446706322591], ["bronx hip hop", 0.0008469552451279052], ["baton rouge rap", 0.0008469086001824937], ["viral rap", 0.000840814501827719], ["g funk", 0.0008196297418906057], ["indie pop rap", 0.0008090711489267152], ["asian american hip hop", 0.0007925599983141789], ["florida drill", 0.0007759039784503772], ["kentucky hip hop", 0.0007547719154540436], ["trap queen", 0.0007547404645229324], ["norwegian pop rap", 0.0007443022653020879], ["san diego rap", 0.0007442729975489922], ["swedish trap", 0.0007442317750798117], ["minnesota hip hop", 0.0007382202431142262], ["braindance", 0.0007381978599186894], ["meme rap", 0.0007276364368507453], ["jazz rap", 0.0007276012609097181], ["grime", 0.0006520049299410444], ["instrumental grime", 0.0006249514981736821], ["reggae", 0.0006145951378926148], ["dub", 0.0006145646777410384], ["russian hip hop", 0.0006144246035258863], ["philly drill", 0.0005496728001615531], ["roots reggae", 0.0005496544820811295], ["old school dancehall", 0.0005495685339512178], ["ghanaian hip hop", 0.0005495326732598766], ["dancehall queen", 0.00048450612733537813], ["indonesian hip hop", 0.00043027213872400504], ["melodic drill", 0.00041982773245559434], ["mongolian hip hop", 0.0003549824429800633], ["colombian pop", 0.0003547672634451546], ["korean trap", 0.0003546856331595637]],